어머나,장윤정,어머나,tonkh2XaXrs
찐이야,영탁,찐이야,RDdNUncvc6mcM
연모,손빈아,연모,dtItMGoh9AU
못 잊을 사랑,춘길,못 잊을 사랑,ExBoWP0ikC0
막걸리 한잔,영탁,막걸리 한잔,npXaoOA2yS0
남자라는 이유로,조항조,남자라는 이유로,cXszUn8LU-A
나는 행복합니다,윤항기,나는 행복합니다,ETUnEL4GHtI
최고친구,"김정호, 소명",최고친구,jnCeDDOsgsA
계단말고 엘리베이터,임영웅,계단말고 엘리베이터,1ZlhtMaUR5E
아파트,윤수일,아파트,OplDGs_luyw
차표 한장,송대관,차표 한장,hRCydAqmUwk
땡벌,강진,땡벌,NeZXgBvrFQA
옹이,조항조,옹이,3B-XzqqCrbM
사랑탑,금잔디,사랑탑,o7SChFMEafU
주인공은 나야나,오승근,주인공은 나야나,dRoELAp_ri8
잘가라,홍진영,잘가라,vQtRsYN8Lh0
막걸리 한잔,강진,막걸리 한잔,8rd1-NhQpQs
당신 편,장윤정,당신 편,etkQDDiZCKs
사랑 반 눈물 반,진해성,사랑 반 눈물 반,nHZd5Z8US1s
용산역 광장,진성,용산역 광장,4j3uXBfnF4o
당신꽃,오승근,당신꽃,_SkdB53qW6Y
엄지 척,홍진영,엄지 척,Y-4cVjCpxVo
바램,노사연,바램,LR7l4wWHhis
한번만,송대관,한번만,VogvLB4vrP0
청춘응원가,유현상,청춘응원가,b4EW5fP8hQg
사랑이 이런건가요,설운도,사랑이 이런건가요,ea-o8rJlVI4
고맙소,조항조,고맙소,Oalu8G3Dcs4
보릿고개,진성,보릿고개,8b_Tod7kOpU
자갈치 아지매,이혜리,자갈치 아지매,sc3b96UXgrw
사랑이 오네,주현미,사랑이 오네,IfnPYwJROIY
연정,나훈아,연정,V__drbz7_ig
보고싶다 내 사랑,설운도,보고싶다 내 사랑,9o063d0M-Og
사랑님,김용임,사랑님,1D17KnuMS50
춤추는 당신,이자연,춤추는 당신,SJ4Ce_c9CfI
사랑찾아 인생찾아,조항조,사랑찾아 인생찾아,Yckn-PljZYs
미운사랑,진미령,미운사랑,IZVvS0GAMZI
내 나이가 어때서,오승근,내 나이가 어때서,iYaJAcwyqZQ
여여,금잔디,여여,cLKKacL5MAQ
갈사람,유현상,갈사람,pYIg_Xy9VcM
백세인생,이애란,백세인생,usUoFB6Iwu8
연모,박우철,연모,FSsPSdOhGkQ
이별없는 부산정거장,현숙,이별없는 부산정거장,KdIAsTAmPzA
도련님,문연주,도련님,LkA_ID75kSc
가버린 여인,박진석,가버린 여인,N-s75RE8_fQ
손가락 하트,노지훈,손가락 하트,oiB0vYZloUM
초혼,장윤정,초혼,ZW9farR4mE0
샤방샤방,박현빈,샤방샤방,2TXqUQxlzCE
산다는 건,홍진영,산다는 건,90hnwloEaKk
추억의 대관령,나훈아,추억의 대관령,nR0M4rqSs40
진짜루,찰리박,진짜루,rQXtVkylgis
동전인생,진성,동전인생,yyRPVuVRbBs
즐거운 인생,오승근,즐거운 인생,aotxXnVrds8
달도 밝은데,강진,달도 밝은데,PBHS1aHLfr8
사랑의 자리,염수연,사랑의 자리,yrJQDLcK6H8
춤추는 탬버린,현숙,춤추는 탬버린,Ll6nGYtAMAc
부초같은 인생,김용임,부초같은 인생,dskSFj_ossw
초생달,김소유,초생달,KppCBow6yN8
오라버니,금잔디,오라버니,4kusEuMBQ4o
장미꽃 한송이,오승근,장미꽃 한송이,ehS9KFDPFcI
거울은 먼저 웃지 않는다,박진석,거울은 먼저 웃지 않는다,yAsPnsfwlQQ
내장산,김용임,내장산,6RwFj6b9BxA
웬수같은 사랑,이태강,웬수같은 사랑,EsYTwiUSx_0
삼각관계,강진,삼각관계,y0BX8f3mUlI
옥경이,태진아,옥경이,SX9kRV9ZJqw
분위기 좋고,송대관,분위기 좋고,ycPl11KSMkY
사랑의 트위스트,설운도,사랑의 트위스트,ogxhpqNVj7A
목계나루,김용임,목계나루,TeJfXRth42c
태클을 걸지마,진성,태클을 걸지마,K3s7sx7l9io
백년길,나훈아,백년길,iNvxIcOibRE
공짜,강진,공짜,lSmPFEnqt9A
젓가락,이재성,젓가락,ogH4W81lp0k
사랑아,임현정,사랑아,I_g4r6ySut4
누이,설운도,누이,76DQ67U3T1I
천년을 빌려준다면,박진석,천년을 빌려준다면,AF8GeHZDR3A
영원한 친구,나미,영원한 친구,ekPremab1NU
사랑은 아무나 하나,태진아,사랑은 아무나 하나,tz1InMcPbok
유행가,송대관,유행가,Sza15OQ1XkA
무뚝뚝한 남자,박상휴,무뚝뚝한 남자,1ft8IDjG_JQ
떠나는 님아,오승근,떠나는 님아,mdViRlvpKBg
날 울리는 파도,나훈아,날 울리는 파도,dExYP7Epmt4
네박자,송대관,네박자,1gyyDwxsa_Q
잃어버린 30년,설운도,잃어버린 30년,c-bXO8lz8L0
영동부르스,함중아,영동부르스,7kyCpNw0PwA
무조건,박상철,무조건,cLnD-w2bh18
인생은 생방송,송대관,인생은 생방송,ztu-bV6KtDQ
호랑나비,김흥국,호랑나비,7La8_fXOh5Y
소나기,임영웅,소나기,DXtfML554JI
잡초,나훈아,잡초,5g8rJiHhpLk
남자는 말합니다,장민호,남자는 말합니다,O2KDSFVIm9w
강촌에 살고싶네,나훈아,강촌에 살고싶네,B5oO6zEpkjA
둥지,남진,둥지,Ci0hqI4Ev1s
엄마꽃이 피었습니다,남궁진,엄마꽃이 피었습니다,_tWH6ZAYDTU
별이 빛나는 밤에,윤항기,별이 빛나는 밤에,JDzhHIvXkbg
당신,김정수,당신,qLBHYdsyTfk
사랑은 늘 도망가,임영웅,사랑은 늘 도망가,V__drbz7_ig
